Handle,Title,Image Src,Image Position,Image Alt Text
signature-d-kurd-10,D Kurd 10,https://elements-snowy.vercel.app/products/studio-handpan-d-kurd-10-01.png,1,D Kurd 10 — Elements Handpans
signature-d-kurd-10,,https://elements-snowy.vercel.app/products/studio-handpan-d-kurd-10-02.png,2,D Kurd 10 — Elements Handpans
signature-d-kurd-10,,https://elements-snowy.vercel.app/products/studio-handpan-d-kurd-10-03.png,3,D Kurd 10 — Elements Handpans
signature-d-kurd-12,D Kurd 12,https://elements-snowy.vercel.app/products/copper-veil-d-kurd-12-01.png,1,D Kurd 12 — Elements Handpans
signature-d-kurd-12,,https://elements-snowy.vercel.app/products/copper-veil-d-kurd-12-02.png,2,D Kurd 12 — Elements Handpans
signature-d-kurd-12,,https://elements-snowy.vercel.app/products/copper-veil-d-kurd-12-03.png,3,D Kurd 12 — Elements Handpans
signature-g-minor-14,G Minor 14,https://elements-snowy.vercel.app/products/ultimate-d-kurd-16-01.png,1,G Minor 14 — Elements Handpans
signature-g-minor-14,,https://elements-snowy.vercel.app/products/ultimate-d-kurd-16-02.png,2,G Minor 14 — Elements Handpans
signature-g-minor-14,,https://elements-snowy.vercel.app/products/ultimate-d-kurd-16-03.png,3,G Minor 14 — Elements Handpans
signature-g-minor-14,,https://elements-snowy.vercel.app/products/ultimate-d-kurd-16-04.png,4,G Minor 14 — Elements Handpans
signature-g-minor-14,,https://elements-snowy.vercel.app/products/ultimate-d-kurd-16-05.png,5,G Minor 14 — Elements Handpans
signature-c-minor-15,C Minor 15,https://elements-snowy.vercel.app/products/sanctuary-c-minor-15-01.png,1,C Minor 15 — Elements Handpans
signature-c-minor-15,,https://elements-snowy.vercel.app/products/sanctuary-c-minor-15-02.png,2,C Minor 15 — Elements Handpans
signature-c-minor-15,,https://elements-snowy.vercel.app/products/sanctuary-c-minor-15-03.png,3,C Minor 15 — Elements Handpans
signature-d-aegean-10,D Aegean 10,https://elements-snowy.vercel.app/products/trailhead-d-celtic-9-01.png,1,D Aegean 10 — Elements Handpans
signature-d-aegean-10,,https://elements-snowy.vercel.app/products/trailhead-d-celtic-9-02.png,2,D Aegean 10 — Elements Handpans
signature-d-aegean-10,,https://elements-snowy.vercel.app/products/trailhead-d-celtic-9-03.png,3,D Aegean 10 — Elements Handpans
signature-f-sharp-nordlys-14,F# Nordlys 14,https://elements-snowy.vercel.app/products/nordlys-f-sharp-15-01.png,1,F# Nordlys 14 — Elements Handpans
signature-f-sharp-nordlys-14,,https://elements-snowy.vercel.app/products/nordlys-f-sharp-15-02.png,2,F# Nordlys 14 — Elements Handpans
signature-f-sharp-nordlys-14,,https://elements-snowy.vercel.app/products/nordlys-f-sharp-15-03.png,3,F# Nordlys 14 — Elements Handpans
signature-f-sharp-nordlys-14,,https://elements-snowy.vercel.app/products/nordlys-f-sharp-15-04.png,4,F# Nordlys 14 — Elements Handpans
signature-f-sharp-low-pygmy-18,F# Low Pygmy 18,https://elements-snowy.vercel.app/products/atelier-f-sharp-pygmy-17-01.png,1,F# Low Pygmy 18 — Elements Handpans
signature-f-sharp-low-pygmy-18,,https://elements-snowy.vercel.app/products/atelier-f-sharp-pygmy-17-02.png,2,F# Low Pygmy 18 — Elements Handpans
signature-f-sharp-low-pygmy-18,,https://elements-snowy.vercel.app/products/atelier-f-sharp-pygmy-17-03.png,3,F# Low Pygmy 18 — Elements Handpans
signature-f-sharp-low-pygmy-18,,https://elements-snowy.vercel.app/products/atelier-f-sharp-pygmy-17-04.png,4,F# Low Pygmy 18 — Elements Handpans
signature-f-sharp-low-pygmy-18,,https://elements-snowy.vercel.app/products/atelier-f-sharp-pygmy-17-05.png,5,F# Low Pygmy 18 — Elements Handpans
origins-d-kurd-10,D Kurd 10,https://elements-snowy.vercel.app/products/studio-handpan-d-kurd-10-01.png,1,D Kurd 10 — Elements Handpans
origins-d-kurd-10,,https://elements-snowy.vercel.app/products/studio-handpan-d-kurd-10-02.png,2,D Kurd 10 — Elements Handpans
origins-d-kurd-10,,https://elements-snowy.vercel.app/products/studio-handpan-d-kurd-10-03.png,3,D Kurd 10 — Elements Handpans
origins-d-kurd-18,D Kurd 18,https://elements-snowy.vercel.app/products/ultimate-d-kurd-16-01.png,1,D Kurd 18 — Elements Handpans
origins-d-kurd-18,,https://elements-snowy.vercel.app/products/ultimate-d-kurd-16-02.png,2,D Kurd 18 — Elements Handpans
origins-d-kurd-18,,https://elements-snowy.vercel.app/products/ultimate-d-kurd-16-03.png,3,D Kurd 18 — Elements Handpans
origins-d-kurd-18,,https://elements-snowy.vercel.app/products/ultimate-d-kurd-16-04.png,4,D Kurd 18 — Elements Handpans
origins-d-kurd-18,,https://elements-snowy.vercel.app/products/ultimate-d-kurd-16-05.png,5,D Kurd 18 — Elements Handpans
origins-f-low-pygmy-16,F Low Pygmy 16,https://elements-snowy.vercel.app/products/atelier-f-sharp-pygmy-17-01.png,1,F Low Pygmy 16 — Elements Handpans
origins-f-low-pygmy-16,,https://elements-snowy.vercel.app/products/atelier-f-sharp-pygmy-17-02.png,2,F Low Pygmy 16 — Elements Handpans
origins-f-low-pygmy-16,,https://elements-snowy.vercel.app/products/atelier-f-sharp-pygmy-17-03.png,3,F Low Pygmy 16 — Elements Handpans
origins-f-low-pygmy-16,,https://elements-snowy.vercel.app/products/atelier-f-sharp-pygmy-17-04.png,4,F Low Pygmy 16 — Elements Handpans
origins-f-low-pygmy-16,,https://elements-snowy.vercel.app/products/atelier-f-sharp-pygmy-17-05.png,5,F Low Pygmy 16 — Elements Handpans
origins-d-aegean-18,D Aegean 18,https://elements-snowy.vercel.app/products/trailhead-d-celtic-9-01.png,1,D Aegean 18 — Elements Handpans
origins-d-aegean-18,,https://elements-snowy.vercel.app/products/trailhead-d-celtic-9-02.png,2,D Aegean 18 — Elements Handpans
origins-d-aegean-18,,https://elements-snowy.vercel.app/products/trailhead-d-celtic-9-03.png,3,D Aegean 18 — Elements Handpans
origins-f-sharp-nordlys-15,F# Nordlys 15,https://elements-snowy.vercel.app/products/nordlys-f-sharp-15-01.png,1,F# Nordlys 15 — Elements Handpans
origins-f-sharp-nordlys-15,,https://elements-snowy.vercel.app/products/nordlys-f-sharp-15-02.png,2,F# Nordlys 15 — Elements Handpans
origins-f-sharp-nordlys-15,,https://elements-snowy.vercel.app/products/nordlys-f-sharp-15-03.png,3,F# Nordlys 15 — Elements Handpans
origins-f-sharp-nordlys-15,,https://elements-snowy.vercel.app/products/nordlys-f-sharp-15-04.png,4,F# Nordlys 15 — Elements Handpans
origins-f-sharp-low-pygmy-21,F# Low Pygmy 21,https://elements-snowy.vercel.app/products/atelier-f-sharp-pygmy-17-01.png,1,F# Low Pygmy 21 — Elements Handpans
origins-f-sharp-low-pygmy-21,,https://elements-snowy.vercel.app/products/atelier-f-sharp-pygmy-17-02.png,2,F# Low Pygmy 21 — Elements Handpans
origins-f-sharp-low-pygmy-21,,https://elements-snowy.vercel.app/products/atelier-f-sharp-pygmy-17-03.png,3,F# Low Pygmy 21 — Elements Handpans
origins-f-sharp-low-pygmy-21,,https://elements-snowy.vercel.app/products/atelier-f-sharp-pygmy-17-04.png,4,F# Low Pygmy 21 — Elements Handpans
origins-f-sharp-low-pygmy-21,,https://elements-snowy.vercel.app/products/atelier-f-sharp-pygmy-17-05.png,5,F# Low Pygmy 21 — Elements Handpans
origins-e-amara-20,E Amara 20,https://elements-snowy.vercel.app/products/sanctuary-b-amara-9-03.png,1,E Amara 20 — Elements Handpans
origins-e-amara-20,,https://elements-snowy.vercel.app/products/sanctuary-b-amara-9-02.png,2,E Amara 20 — Elements Handpans
origins-e-amara-20,,https://elements-snowy.vercel.app/products/sanctuary-b-amara-9-01.png,3,E Amara 20 — Elements Handpans
origins-b2-mystic-9,B2 Mystic 9,https://elements-snowy.vercel.app/products/sanctuary-b-amara-9-03.png,1,B2 Mystic 9 — Elements Handpans
origins-b2-mystic-9,,https://elements-snowy.vercel.app/products/sanctuary-b-amara-9-02.png,2,B2 Mystic 9 — Elements Handpans
origins-b2-mystic-9,,https://elements-snowy.vercel.app/products/sanctuary-b-amara-9-01.png,3,B2 Mystic 9 — Elements Handpans
origins-d-ashakarian-16,D Ashakarian 16,https://elements-snowy.vercel.app/products/trailhead-d-celtic-9-01.png,1,D Ashakarian 16 — Elements Handpans
origins-d-ashakarian-16,,https://elements-snowy.vercel.app/products/trailhead-d-celtic-9-02.png,2,D Ashakarian 16 — Elements Handpans
origins-d-ashakarian-16,,https://elements-snowy.vercel.app/products/trailhead-d-celtic-9-03.png,3,D Ashakarian 16 — Elements Handpans
elements-softcase,Elements Softcase,https://elements-snowy.vercel.app/products/handpan-bag-black-01.png,1,Elements Softcase — Elements Handpans
elements-softcase,,https://elements-snowy.vercel.app/products/handpan-bag-black-02.png,2,Elements Softcase — Elements Handpans
elements-softcase,,https://elements-snowy.vercel.app/products/handpan-bag-black-03.png,3,Elements Softcase — Elements Handpans
elements-softcase,,https://elements-snowy.vercel.app/products/handpan-bag-black-04.png,4,Elements Softcase — Elements Handpans
elements-softcase,,https://elements-snowy.vercel.app/products/handpan-bag-black-05.png,5,Elements Softcase — Elements Handpans
elements-softcase,,https://elements-snowy.vercel.app/products/handpan-bag-black-06.png,6,Elements Softcase — Elements Handpans
elements-softcase,,https://elements-snowy.vercel.app/products/handpan-bag-black-07.png,7,Elements Softcase — Elements Handpans
elements-origins-hardcase,Elements Origins Hardcase,https://elements-snowy.vercel.app/products/handpan-bag-black-01.png,1,Elements Origins Hardcase — Elements Handpans
elements-origins-hardcase,,https://elements-snowy.vercel.app/products/handpan-bag-black-02.png,2,Elements Origins Hardcase — Elements Handpans
elements-origins-hardcase,,https://elements-snowy.vercel.app/products/handpan-bag-black-03.png,3,Elements Origins Hardcase — Elements Handpans
elements-origins-hardcase,,https://elements-snowy.vercel.app/products/handpan-bag-black-04.png,4,Elements Origins Hardcase — Elements Handpans
elements-origins-hardcase,,https://elements-snowy.vercel.app/products/handpan-bag-black-05.png,5,Elements Origins Hardcase — Elements Handpans
elements-origins-hardcase,,https://elements-snowy.vercel.app/products/handpan-bag-black-06.png,6,Elements Origins Hardcase — Elements Handpans
elements-origins-hardcase,,https://elements-snowy.vercel.app/products/handpan-bag-black-07.png,7,Elements Origins Hardcase — Elements Handpans
avaja-hardcase,Avaja Hardcase,https://elements-snowy.vercel.app/products/road-case-carbon-weave-01.png,1,Avaja Hardcase — Elements Handpans
avaja-hardcase,,https://elements-snowy.vercel.app/products/road-case-carbon-weave-02.png,2,Avaja Hardcase — Elements Handpans
avaja-hardcase,,https://elements-snowy.vercel.app/products/road-case-carbon-weave-03.png,3,Avaja Hardcase — Elements Handpans
avaja-hardcase,,https://elements-snowy.vercel.app/products/road-case-carbon-weave-04.png,4,Avaja Hardcase — Elements Handpans
avaja-hardcase,,https://elements-snowy.vercel.app/products/road-case-carbon-weave-05.png,5,Avaja Hardcase — Elements Handpans
hct-hardcase-technologies,HCT Hardcase Technologies,https://elements-snowy.vercel.app/products/road-case-carbon-weave-01.png,1,HCT Hardcase Technologies — Elements Handpans
hct-hardcase-technologies,,https://elements-snowy.vercel.app/products/road-case-carbon-weave-02.png,2,HCT Hardcase Technologies — Elements Handpans
hct-hardcase-technologies,,https://elements-snowy.vercel.app/products/road-case-carbon-weave-03.png,3,HCT Hardcase Technologies — Elements Handpans
hct-hardcase-technologies,,https://elements-snowy.vercel.app/products/road-case-carbon-weave-04.png,4,HCT Hardcase Technologies — Elements Handpans
hct-hardcase-technologies,,https://elements-snowy.vercel.app/products/road-case-carbon-weave-05.png,5,HCT Hardcase Technologies — Elements Handpans
